course_id,course_name,day,start_time,end_time
5,Visionary leadingedge alliance,Wednesday,15:00,19:00
11,Business-focused executive encryption,Friday,13:00,12:00
6,Programmable secondary pricing structure,Thursday,13:00,17:00
19,User-centric maximized firmware,Monday,16:00,15:00
3,Synergized secondary throughput,Friday,10:00,11:00
20,Mandatory impactful artificial intelligence,Tuesday,15:00,17:00
1,Expanded web-enabled core,Wednesday,14:00,09:00
8,Organized background forecast,Thursday,10:00,13:00
9,De-engineered optimizing complexity,Friday,11:00,15:00
18,Re-contextualized web-enabled process improvement,Friday,15:00,09:00
16,De-engineered systematic pricing structure,Monday,11:00,15:00
2,Cross-group tertiary algorithm,Tuesday,16:00,11:00
13,Secured secondary Graphical User Interface,Wednesday,08:00,19:00
21,Advanced maximized productivity,Monday,15:00,18:00
10,Diverse zero-defect protocol,Friday,08:00,12:00
12,Focused leadingedge task-force,Thursday,08:00,18:00
17,Pre-emptive methodical superstructure,Friday,13:00,10:00
22,User-friendly global neural-net,Friday,08:00,11:00
7,Cross-platform national adapter,Thursday,16:00,18:00
14,Function-based multimedia pricing structure,Wednesday,18:00,15:00
15,Adaptive foreground protocol,Monday,09:00,14:00
4,Object-based impactful groupware,Tuesday,15:00,19:00
