id,length,alt,printOffset,average,size,maxRooms
1,120,true,0,14,,
2,120,true,0,14,,
3,120,true,0,14,,
4,120,true,0,14,,
5,120,false,0,14,91,
6,120,true,0,14,,
7,120,true,0,14,,
8,120,true,0,14,,
9,120,true,0,14,,
10,120,true,0,14,,
11,120,false,0,14,24,
12,120,true,0,14,,
13,120,true,0,14,,
14,120,true,0,14,,
15,120,true,0,14,,
16,120,true,0,14,,
17,120,true,0,14,,
18,120,true,0,14,,
19,120,true,0,14,,
20,120,true,0,14,,
21,120,false,0,14,,
22,120,false,0,14,,
23,120,false,0,14,,
24,120,false,0,14,,
25,120,false,0,14,,
26,120,false,0,14,,
27,120,false,0,14,,
28,120,false,0,14,,
29,120,false,0,14,,
30,120,false,0,14,,
31,120,false,0,14,,
32,120,false,0,14,,
33,120,false,0,14,,
34,120,false,0,14,,
35,120,false,0,14,,
36,120,false,0,14,,
37,120,false,0,14,,
38,120,false,0,14,,
39,120,false,0,14,,
40,120,false,0,14,,
41,120,false,0,14,,
42,120,false,0,14,,
43,120,false,0,14,,
44,120,false,0,14,,
45,120,false,0,14,,
46,120,false,0,14,,
47,120,false,0,14,,
48,120,false,0,14,,
49,120,false,0,14,,
50,120,false,0,14,,
51,120,false,0,14,,
52,120,false,0,14,,
53,120,false,0,14,,
54,120,false,0,14,,
55,120,false,0,14,,
56,120,false,0,14,,
57,120,false,0,14,,
58,120,false,0,14,,
59,120,false,0,14,,
60,120,false,0,14,,
61,120,false,0,14,,
62,120,true,0,14,,
63,120,true,0,14,,
64,120,true,0,14,,
65,120,true,0,14,,
66,120,true,0,14,,
67,120,false,0,14,,
68,120,false,0,14,,
69,120,false,0,14,,
70,120,false,0,14,,
71,120,true,0,14,,
72,120,false,0,14,,
73,120,true,0,14,,
74,120,false,0,14,,
75,120,false,0,14,,
76,120,false,0,14,,
77,120,false,0,14,,
78,120,false,0,14,,
79,120,false,0,14,,
80,120,false,0,14,,
81,120,false,0,14,,
82,120,false,0,14,,
83,120,false,0,14,,
84,120,false,0,14,,
85,120,false,0,14,,
86,120,false,0,14,,
87,120,false,0,14,,
88,120,false,0,14,,
89,120,false,0,14,,
90,120,false,0,14,,
91,120,false,0,14,,
92,120,true,0,14,,
93,120,false,0,14,,
94,120,false,0,14,,
95,120,false,0,14,,
96,120,false,0,14,,
97,120,false,0,14,,
98,120,false,0,14,,
99,120,false,0,14,,
100,120,false,0,14,,
101,120,false,0,14,,
102,120,true,0,14,,
103,120,true,0,14,,
104,120,false,0,14,,
105,120,false,0,14,,
106,120,true,0,14,,
107,120,false,0,14,,
108,120,false,0,14,,
109,120,false,0,14,,
110,120,false,0,14,,
111,120,false,0,14,,
112,120,false,0,14,,
113,120,false,0,14,,
114,120,false,0,14,,
115,120,false,0,14,,
116,120,false,0,14,,
117,120,false,0,14,,
118,120,false,0,14,,
119,120,false,0,14,,
120,120,false,0,14,,
121,120,false,0,14,,
122,120,false,0,14,,
123,120,false,0,14,,
124,120,false,0,14,,
125,120,false,0,14,,
126,120,true,0,14,,
127,120,false,0,14,,
128,120,false,0,14,,
129,120,false,0,14,,
130,120,false,0,14,,
131,120,false,0,14,,
132,120,false,0,14,,
133,120,false,0,14,,
134,120,true,0,14,,
135,120,false,0,14,,
136,120,false,0,14,,
137,120,false,0,14,,
138,120,false,0,14,,
139,120,false,0,14,,
140,120,false,0,14,,
141,120,false,0,14,,
142,120,false,0,14,,
143,120,false,0,14,,
144,120,false,0,14,,
145,120,false,0,14,,
146,120,false,0,14,,
147,120,false,0,14,,
148,120,false,0,14,,
149,120,false,0,14,,
150,120,false,0,14,,
151,120,false,0,14,,
152,120,false,0,14,,
153,120,false,0,14,,
154,120,false,0,14,,
155,120,false,0,14,,
156,120,false,0,14,,
157,120,false,0,14,,
158,120,true,0,14,,
159,120,false,0,14,,
160,120,false,0,14,,
161,120,false,0,14,,
162,120,false,0,14,,
163,120,true,0,14,,
164,120,false,0,14,,
165,120,false,0,14,,
166,120,false,0,14,,
167,120,false,0,14,,
168,120,false,0,14,,
169,120,false,0,14,,
170,120,false,0,14,,
171,120,false,0,14,,
172,120,true,0,14,,
173,120,false,0,14,,
174,120,false,0,14,,
175,120,false,0,14,,
176,120,false,0,14,,
177,120,false,0,14,,
178,120,true,0,14,,
179,120,true,0,14,,
180,120,true,0,14,,
181,120,true,0,14,,
182,120,true,0,14,,
183,120,true,0,14,,
184,120,true,0,14,,
185,120,true,0,14,,
186,120,true,0,14,,
187,120,true,0,14,,
188,120,true,0,14,,
189,120,true,0,14,,
190,120,true,0,14,,
191,120,false,0,14,,
192,120,true,0,14,,
193,120,true,0,14,,
194,120,true,0,14,,
195,120,true,0,14,,
196,120,true,0,14,,
197,120,true,0,14,,
198,120,true,0,14,,
199,120,true,0,14,,
200,120,true,0,14,,
201,120,true,0,14,,
202,120,true,0,14,,
203,120,true,0,14,,
204,120,true,0,14,,
205,120,true,0,14,,
206,120,true,0,14,,
207,120,true,0,14,,
208,120,true,0,14,,
209,120,true,0,14,,
210,120,true,0,14,,
211,120,true,0,14,,
212,120,false,0,14,,
213,120,true,0,14,,
214,120,true,0,14,,
215,120,true,0,14,,
216,120,true,0,14,,
217,120,true,0,14,,
218,120,true,0,14,,
219,120,true,0,14,,
220,120,false,0,14,,
221,120,false,0,14,,
222,120,false,0,14,,
223,120,false,0,14,,
224,120,false,0,14,,
225,120,false,0,14,,
226,120,false,0,14,,
227,120,false,0,14,,
228,120,false,0,14,,
229,120,false,0,14,,
230,120,false,0,14,,
231,120,false,0,14,,
232,120,false,0,14,,
233,120,false,0,14,,
234,120,false,0,14,,
235,120,false,0,14,,
236,120,false,0,14,,
237,120,false,0,14,,
238,120,true,0,14,,
239,120,false,0,14,,
240,120,false,0,14,,
241,120,false,0,14,,
242,120,true,0,14,,
243,120,true,0,14,,
244,120,true,0,14,,
245,120,true,0,14,,
246,120,true,0,14,,
247,120,true,0,14,,
248,120,true,0,14,,
249,120,true,0,14,,
250,120,true,0,14,,
251,120,true,0,14,,
252,120,true,0,14,,
253,120,true,0,14,,
254,120,true,0,14,,
255,120,true,0,14,,
256,120,true,0,14,,
257,120,true,0,14,,
258,120,false,0,14,,
259,120,false,0,14,,
260,120,true,0,14,,
261,120,true,0,14,,
262,120,true,0,14,,
263,120,true,0,14,,
264,120,true,0,14,,
265,120,true,0,14,,
266,120,true,0,14,,
267,120,true,0,14,,
268,120,true,0,14,,
269,120,true,0,14,,
270,120,true,0,14,,
271,120,true,0,14,,
272,120,false,0,14,,
273,120,false,0,14,,
274,120,false,0,14,,
275,120,false,0,14,,
276,120,true,0,14,,
277,120,true,0,14,,
278,120,true,0,14,,
279,120,true,0,14,,
280,120,true,0,14,,
281,120,true,0,14,,
282,120,true,0,14,,
283,120,true,0,14,,
284,120,true,0,14,,
285,120,true,0,14,,
286,120,true,0,14,,
287,120,true,0,14,,
288,120,false,0,14,,
289,120,true,0,14,,
290,120,true,0,14,,
291,120,true,0,14,,
292,120,false,0,14,,
293,120,true,0,14,,
294,120,true,0,14,,
295,120,true,0,14,,
296,120,true,0,14,,
297,120,true,0,14,,
298,120,true,0,14,,
299,120,false,0,14,,
300,120,true,0,14,,
301,120,true,0,14,,
302,120,true,0,14,,
303,120,true,0,14,,
304,120,true,0,14,,
305,120,true,0,14,,
306,120,true,0,14,,
307,120,true,0,14,,
308,120,true,0,14,,
309,120,false,0,14,,
310,120,false,0,14,,
311,120,false,0,14,,
312,120,false,0,14,,
313,120,false,0,14,,
314,120,false,0,14,,
315,120,false,0,14,,
316,120,false,0,14,,
317,120,false,0,14,,
318,120,false,0,14,,
319,120,false,0,14,,
320,120,false,0,14,,
321,120,false,0,14,,
322,120,false,0,14,,
323,120,false,0,14,,
324,120,false,0,14,,
325,120,false,0,14,,
326,120,false,0,14,,
327,120,false,0,14,,
328,120,false,0,14,,
329,120,false,0,14,,
330,120,false,0,14,,
331,120,false,0,14,,
332,120,false,0,14,,
333,120,false,0,14,,
334,120,false,0,14,,
335,120,false,0,14,,
336,120,false,0,14,,
337,120,false,0,14,,
338,120,false,0,14,,
339,120,false,0,14,,
340,120,false,0,14,,
341,120,false,0,14,,
342,120,false,0,14,,
343,120,false,0,14,,
344,120,false,0,14,,
345,120,false,0,14,,
346,120,false,0,14,,
347,120,false,0,14,,
348,120,false,0,14,,
349,120,false,0,14,,
350,120,false,0,14,,
351,120,false,0,14,,
352,120,false,0,14,,
353,120,false,0,14,,
354,120,false,0,14,,
355,120,false,0,14,,
356,120,false,0,14,,
357,120,false,0,14,,
358,120,false,0,14,,
359,120,false,0,14,,
360,120,false,0,14,,
361,120,false,0,14,,
362,120,false,0,14,,
363,120,false,0,14,,
364,120,false,0,14,,
365,120,false,0,14,,
366,120,false,0,14,,
367,120,false,0,14,,
368,120,false,0,14,,
369,120,false,0,14,,
370,120,false,0,14,,
371,120,false,0,14,,
372,120,true,0,14,,
373,120,true,0,14,,
374,120,true,0,14,,
375,120,true,0,14,,
376,120,true,0,14,,
377,120,true,0,14,,
378,120,true,0,14,,
379,120,true,0,14,,
380,120,true,0,14,,
381,120,true,0,14,,
382,120,true,0,14,,
383,120,false,0,14,,
384,120,true,0,14,,
385,120,false,0,14,,
386,120,false,0,14,,
387,120,false,0,14,,
388,120,false,0,14,,
389,120,true,0,14,,
390,120,false,0,14,,
391,120,false,0,14,,
392,120,false,0,14,,
393,120,false,0,14,,
394,120,true,0,14,,
395,120,false,0,14,,
396,120,false,0,14,,
397,120,false,0,14,,
398,120,true,0,14,,
399,120,true,0,14,,
400,120,true,0,14,,
401,120,true,0,14,,
402,120,true,0,14,,
403,120,true,0,14,,
404,120,true,0,14,,
405,120,true,0,14,,
406,120,false,0,14,,
407,120,false,0,14,,
408,120,false,0,14,,
409,120,true,0,14,,
410,120,true,0,14,,
411,120,true,0,14,,
412,120,true,0,14,,
413,120,true,0,14,,1
414,120,true,0,14,,
415,120,true,0,14,,
416,120,true,0,14,,
417,120,true,0,14,,
418,120,true,0,14,,
419,120,true,0,14,,
420,120,true,0,14,,
421,120,true,0,14,,
422,120,true,0,14,,
423,120,true,0,14,,
424,120,true,0,14,,
425,120,false,0,14,,
426,120,false,0,14,,
427,120,false,0,14,,
428,120,false,0,14,,
429,120,false,0,14,,
430,120,false,0,14,,
431,120,false,0,14,,
432,120,false,0,14,,
433,120,false,0,14,,
434,120,false,0,14,,
435,120,false,0,14,,
436,120,false,0,14,,
437,120,true,0,14,,
438,120,true,0,14,,
439,120,true,0,14,,
440,120,true,0,14,,
441,120,true,0,14,,
442,120,true,0,14,,
443,120,true,0,14,,
444,120,true,0,14,,
445,120,true,0,14,,
446,120,true,0,14,,
447,120,true,0,14,,
448,120,true,0,14,,
449,120,true,0,14,,
450,120,true,0,14,,
451,120,true,0,14,,
452,120,true,0,14,,
453,120,true,0,14,,
454,120,true,0,14,,
455,120,true,0,14,,
456,120,true,0,14,,
457,120,true,0,14,,
458,120,true,0,14,,
459,120,true,0,14,,
460,120,true,0,14,,
461,120,true,0,14,,
462,120,true,0,14,,
463,120,true,0,14,,
464,120,true,0,14,,
465,120,true,0,14,,
466,120,true,0,14,,
467,120,true,0,14,,
468,120,true,0,14,,
469,120,true,0,14,,
470,120,true,0,14,,
471,120,true,0,14,,
472,120,true,0,14,,
473,120,true,0,14,,
474,120,false,0,14,,
475,120,false,0,14,,
476,120,false,0,14,,
477,120,false,0,14,,
478,120,false,0,14,,
479,120,false,0,14,,
480,120,false,0,14,,
481,120,false,0,14,,
482,120,true,0,14,,
483,120,false,0,14,,
484,120,true,0,14,,
485,120,true,0,14,,
486,120,false,0,14,,
487,120,false,0,14,,
488,120,false,0,14,,
489,120,false,0,14,,
490,120,true,0,14,,
491,120,true,0,14,,
492,120,false,0,14,,
493,120,false,0,14,,
494,120,false,0,14,,
495,120,false,0,14,,
496,120,false,0,14,,
497,120,false,0,14,,
498,120,false,0,14,,
499,120,false,0,14,,
500,120,false,0,14,,
501,120,false,0,14,,
502,120,true,0,14,,
503,120,true,0,14,,
504,120,false,0,14,,
505,120,false,0,14,,
506,120,false,0,14,,
507,120,true,0,14,,
508,120,false,0,14,,
509,120,false,0,14,,
510,120,false,0,14,,
511,120,false,0,14,,
512,120,true,0,14,,
513,120,true,0,14,,
514,120,false,0,14,,
515,120,true,0,14,,
516,120,false,0,14,,
517,120,false,0,14,,
518,120,false,0,14,,
519,120,false,0,14,,
520,120,false,0,14,,
521,120,false,0,14,,
522,120,false,0,14,,
523,120,false,0,14,,
524,120,false,0,14,,
525,120,false,0,14,,
526,120,false,0,14,,
527,120,false,0,14,,
528,120,false,0,14,,
529,120,false,0,14,,
530,120,false,0,14,,
531,120,false,0,14,,
532,120,false,0,14,,
533,120,true,0,14,,
534,120,true,0,14,,
535,120,false,0,14,,
536,120,false,0,14,,
537,120,true,0,14,,
538,120,false,0,14,,
539,120,true,0,14,,
540,120,true,0,14,,
541,120,false,0,14,,
542,120,true,0,14,,
543,120,true,0,14,,
544,120,true,0,14,,
545,120,true,0,14,,
546,120,false,0,14,,
547,120,false,0,14,,
548,120,true,0,14,,
549,120,true,0,14,,
550,120,false,0,14,,
551,120,true,0,14,,
552,120,true,0,14,,
553,120,true,0,14,,
554,120,false,0,14,,
555,120,true,0,14,,
556,120,true,0,14,,
557,120,false,0,14,,
558,120,true,0,14,,
559,120,true,0,14,,
560,120,true,0,14,,
561,120,true,0,14,,
562,120,true,0,14,,
563,120,true,0,14,,1
564,120,true,0,14,,
565,120,false,0,14,,
566,120,true,0,14,,
567,120,false,0,14,,
568,120,false,0,14,,
569,120,false,0,14,,
570,120,false,0,14,,
571,120,false,0,14,,
572,120,false,0,14,,
573,120,true,0,14,,
574,120,false,0,14,,
575,120,false,0,14,,
576,120,false,0,14,,
577,120,false,0,14,,
578,120,false,0,14,,
579,120,false,0,14,,
580,120,false,0,14,,
581,120,false,0,14,,
582,120,true,0,14,,
583,120,false,0,14,,
584,120,false,0,14,,
585,120,true,0,14,,
586,120,false,0,14,,
587,120,false,0,14,,
588,120,true,0,14,,
589,120,false,0,14,,
590,120,false,0,14,,
591,120,false,0,14,,
592,120,true,0,14,,
593,120,true,0,14,,
594,120,false,0,14,,
595,120,false,0,14,,
596,120,false,0,14,,
597,120,true,0,14,,
598,120,true,0,14,,
599,120,true,0,14,,
600,120,true,0,14,,
601,120,true,0,14,,
602,120,false,0,14,,
603,120,false,0,14,,
604,120,true,0,14,,
605,120,true,0,14,,
606,120,true,0,14,,
607,120,false,0,14,,
608,120,true,0,14,,
609,120,false,0,14,,
610,120,true,0,14,,
611,120,true,0,14,,
612,120,false,0,14,,
613,120,false,0,14,,
614,120,true,0,14,,
615,120,false,0,14,,
616,120,true,0,14,,
617,120,false,0,14,,
618,120,false,0,14,,
619,120,false,0,14,,
620,120,false,0,14,,
621,120,false,0,14,,
622,120,false,0,14,,
623,120,false,0,14,,
624,120,false,0,14,,
625,120,false,0,14,,
626,120,false,0,14,,
627,120,false,0,14,,
628,120,false,0,14,,
629,120,false,0,14,,
630,120,false,0,14,,
631,120,false,0,14,,
632,120,false,0,14,,
633,120,false,0,14,,
634,120,false,0,14,,
635,120,false,0,14,,
636,120,false,0,14,,
637,120,false,0,14,,
638,120,false,0,14,,
639,120,false,0,14,,
640,120,false,0,14,,
641,120,false,0,14,,
642,120,false,0,14,,
643,120,false,0,14,,
644,120,false,0,14,,
645,120,false,0,14,,
646,120,false,0,14,,
647,120,false,0,14,,
648,120,false,0,14,,
649,120,false,0,14,,
650,120,false,0,14,,
651,120,false,0,14,,
652,120,false,0,14,,
653,120,false,0,14,,
654,120,false,0,14,,
655,120,false,0,14,,
656,120,false,0,14,,
657,120,false,0,14,,
658,120,false,0,14,,
659,120,false,0,14,,
660,120,false,0,14,,
661,120,false,0,14,,
662,120,false,0,14,,
663,120,false,0,14,,
664,120,false,0,14,,
665,120,false,0,14,,
666,120,false,0,14,,
667,120,false,0,14,,
668,120,false,0,14,,
669,120,false,0,14,,
670,120,false,0,14,,
671,120,false,0,14,,
672,120,false,0,14,,
673,120,false,0,14,,
674,120,false,0,14,,
675,120,false,0,14,,
676,120,false,0,14,,
677,120,false,0,14,,
678,120,false,0,14,,
679,120,true,0,14,,
680,120,true,0,14,,
681,120,true,0,14,,
682,120,false,0,14,,
683,120,false,0,14,,
684,120,false,0,14,,
685,120,false,0,14,,
686,120,false,0,14,,
687,120,true,0,14,,
688,120,false,0,14,,
689,120,true,0,14,,
690,120,true,0,14,,
691,120,true,0,14,,
692,120,true,0,14,,
693,120,true,0,14,,
694,120,true,0,14,,
695,120,true,0,14,,
696,120,true,0,14,,
697,120,true,0,14,,
698,120,true,0,14,,
699,120,true,0,14,,
700,120,true,0,14,,
701,120,true,0,14,,
702,120,true,0,14,,
703,120,true,0,14,,
704,120,true,0,14,,
705,120,true,0,14,,
706,120,true,0,14,,
707,120,true,0,14,,
708,120,false,0,14,20,
709,120,true,0,14,,
710,120,true,0,14,,
711,120,true,0,14,,
712,120,true,0,14,,
713,120,true,0,14,,
714,120,true,0,14,,
715,120,true,0,14,,
716,120,true,0,14,,
717,120,true,0,14,,
718,120,true,0,14,,
719,120,true,0,14,,
720,120,true,0,14,,
721,120,true,0,14,,
722,120,true,0,14,,
723,120,true,0,14,,
724,120,true,0,14,,
725,120,true,0,14,,
726,120,true,0,14,,
727,120,true,0,14,,
728,120,true,0,14,,
729,120,true,0,14,,
730,120,true,0,14,,
731,120,true,0,14,,
732,120,false,0,14,,
733,120,false,0,14,,
734,120,false,0,14,,
735,120,false,0,14,,
736,120,false,0,14,,
737,120,false,0,14,,
738,120,false,0,14,,
739,120,false,0,14,,
740,120,false,0,14,,
741,120,false,0,14,,
742,120,false,0,14,,
743,120,false,0,14,,
744,120,false,0,14,,
745,120,false,0,14,,
746,120,false,0,14,,
747,120,true,0,14,,
748,120,true,0,14,,
749,120,true,0,14,,
750,120,false,0,14,,
751,120,true,0,14,,
752,120,true,0,14,,
753,120,true,0,14,,
754,120,true,0,14,,
755,120,true,0,14,,
756,120,true,0,14,,
757,120,true,0,14,,
758,120,true,0,14,,
759,120,true,0,14,,
760,120,true,0,14,,
761,120,true,0,14,,
762,120,true,0,14,,
763,120,true,0,14,,
764,120,true,0,14,,
765,120,true,0,14,,
766,120,true,0,14,,
767,120,true,0,14,,
768,120,true,0,14,,
769,120,true,0,14,,
770,120,true,0,14,,
771,120,true,0,14,,
772,120,true,0,14,,
773,120,true,0,14,,
774,120,true,0,14,,
775,120,false,0,14,,
776,120,false,0,14,,
777,120,false,0,14,,
778,120,false,0,14,,
779,120,false,0,14,,
780,120,false,0,14,,
781,120,false,0,14,,
782,120,false,0,14,,
783,120,false,0,14,,
784,120,false,0,14,,
785,120,false,0,14,,
786,120,false,0,14,,
787,120,false,0,14,,
788,120,false,0,14,,
789,120,false,0,14,,
790,120,false,0,14,,
791,120,false,0,14,,
792,120,false,0,14,,
793,120,false,0,14,,
794,120,false,0,14,,
795,120,false,0,14,,
796,120,false,0,14,,
797,120,false,0,14,,
798,120,false,0,14,,
799,120,false,0,14,,
800,120,false,0,14,,
801,120,false,0,14,,
802,120,false,0,14,,
803,120,false,0,14,,
804,120,false,0,14,,
805,120,false,0,14,,
806,120,false,0,14,,
807,120,false,0,14,,
808,120,false,0,14,,
809,120,false,0,14,,
810,120,false,0,14,,
811,120,false,0,14,,
812,120,false,0,14,,
813,120,false,0,14,,
814,120,false,0,14,,
815,120,false,0,14,,
816,120,false,0,14,,
817,120,false,0,14,,
818,120,false,0,14,,
819,120,false,0,14,,
820,120,false,0,14,,
821,120,false,0,14,,
822,120,false,0,14,,
823,120,false,0,14,,
824,120,false,0,14,,
825,120,false,0,14,,
826,120,false,0,14,,
827,120,false,0,14,,
828,120,false,0,14,,
829,120,false,0,14,,
830,120,false,0,14,,
831,120,false,0,14,,
832,120,false,0,14,,
833,120,true,0,14,,
834,120,true,0,14,,
835,120,true,0,14,,
836,120,true,0,14,,
837,120,true,0,14,,
838,120,true,0,14,,
839,120,true,0,14,,
840,120,true,0,14,,
841,120,true,0,14,,
842,120,true,0,14,,
843,120,true,0,14,,
844,120,true,0,14,,
845,120,true,0,14,,
846,120,true,0,14,,
847,120,true,0,14,,
848,120,true,0,14,,
849,120,true,0,14,,
850,120,true,0,14,,
851,120,true,0,14,,
852,120,true,0,14,,
853,120,true,0,14,,
854,120,true,0,14,,
855,120,true,0,14,,
856,120,true,0,14,,
857,120,true,0,14,,
858,120,true,0,14,,
859,120,true,0,14,,
860,120,true,0,14,,
861,120,true,0,14,,
862,120,true,0,14,,
863,120,true,0,14,,
864,120,true,0,14,,
865,120,true,0,14,,
866,120,true,0,14,,
867,120,true,0,14,,
868,120,true,0,14,,
869,120,true,0,14,,
870,120,true,0,14,,
871,120,true,0,14,,
872,120,true,0,14,,
873,120,true,0,14,,
874,120,true,0,14,,
875,120,true,0,14,,
876,120,true,0,14,,
877,120,true,0,14,,
878,120,true,0,14,,
879,120,true,0,14,,
880,120,true,0,14,,
881,120,true,0,14,,
882,120,true,0,14,,
883,120,true,0,14,,
884,120,true,0,14,,
885,120,true,0,14,,
886,120,false,0,14,,
887,120,false,0,14,,
888,120,false,0,14,,
889,120,false,0,14,,
890,120,false,0,14,,
891,120,false,0,14,,
892,120,false,0,14,,
893,120,false,0,14,,
894,120,false,0,14,,
895,120,false,0,14,,
896,120,false,0,14,,
897,120,false,0,14,,
898,120,false,0,14,,
899,120,false,0,14,,
900,120,false,0,14,,
901,120,false,0,14,,
902,120,false,0,14,,
903,120,false,0,14,,
904,120,false,0,14,,
905,120,false,0,14,,
906,120,false,0,14,,
907,120,false,0,14,,
908,120,false,0,14,,
909,120,false,0,14,,
910,120,false,0,14,,
911,120,false,0,14,,
912,120,false,0,14,,
913,120,false,0,14,,
914,120,false,0,14,,
915,120,false,0,14,,
916,120,false,0,14,,
917,120,true,0,14,,
918,120,true,0,14,,
919,120,false,0,14,,
920,120,false,0,14,,
921,120,false,0,14,,
922,120,true,0,14,,
923,120,true,0,14,,
924,120,true,0,14,,
925,120,true,0,14,,
926,120,false,0,14,,
927,120,false,0,14,,
928,120,false,0,14,,
929,120,false,0,14,,
930,120,false,0,14,,
931,120,false,0,14,,
932,120,false,0,14,,
933,120,false,0,14,,
934,120,false,0,14,,
935,120,false,0,14,,
936,120,false,0,14,,
937,120,false,0,14,,
938,120,false,0,14,,
939,120,false,0,14,,
940,120,true,0,14,,
941,120,false,0,14,,
942,120,false,0,14,,
943,120,false,0,14,,
944,120,false,0,14,,
945,120,false,0,14,,
946,120,false,0,14,,
947,120,false,0,14,,
948,120,false,0,14,,
949,120,false,0,14,,
950,120,false,0,14,,
951,120,false,0,14,,
952,120,false,0,14,,
953,120,false,0,14,,
954,120,false,0,14,,
955,120,false,0,14,,
956,120,false,0,14,,
957,120,false,0,14,,
958,120,false,0,14,,
959,120,false,0,14,,
960,120,false,0,14,,
961,120,false,0,14,,
962,120,false,0,14,,
963,120,false,0,14,,
964,120,false,0,14,,
965,120,false,0,14,,
966,120,false,0,14,,
967,120,false,0,14,,
968,120,false,0,14,,
969,120,false,0,14,,
970,120,false,0,14,,
971,120,false,0,14,,
972,120,false,0,14,,
973,120,false,0,14,,
974,120,false,0,14,,
975,120,false,0,14,,
976,120,false,0,14,,
977,120,false,0,14,,
978,120,false,0,14,,
979,120,true,0,14,,
980,120,false,0,14,,
981,120,false,0,14,,
982,120,false,0,14,,
983,120,false,0,14,,
984,120,true,0,14,,
985,120,true,0,14,,
986,120,false,0,14,,
987,120,false,0,14,,
988,120,false,0,14,,
989,120,false,0,14,,
990,120,true,0,14,,
991,120,false,0,14,,
992,120,false,0,14,,
993,120,false,0,14,,
994,120,false,0,14,,
995,120,false,0,14,,
996,120,true,0,14,,
997,120,true,0,14,,
998,120,true,0,14,,
999,120,true,0,14,,
1000,120,true,0,14,,
1001,120,false,0,14,,
1002,120,false,0,14,,
1003,120,false,0,14,,
1004,120,false,0,14,,
1005,120,false,0,14,,
1006,120,false,0,14,,
1007,120,true,0,14,,
1008,120,false,0,14,,
1009,120,false,0,14,,
1010,120,false,0,14,,
1011,120,false,0,14,,
1012,120,true,0,14,,
1013,120,false,0,14,,
1014,120,false,0,14,,
1015,120,false,0,14,,
1016,120,false,0,14,,
1017,120,false,0,14,,
1018,120,false,0,14,,
1019,120,false,0,14,,
1020,120,false,0,14,,
1021,120,false,0,14,,
1022,120,false,0,14,,
1023,120,true,0,14,,
1024,120,true,0,14,,
1025,120,false,0,14,,
1026,120,false,0,14,,
1027,120,false,0,14,,
1028,120,false,0,14,,
1029,120,false,0,14,,
1030,120,false,0,14,,
1031,120,false,0,14,,
1032,120,false,0,14,,
1033,120,false,0,14,,
1034,120,false,0,14,,
1035,120,false,0,14,,
1036,120,false,0,14,,
1037,120,true,0,14,,
1038,120,true,0,14,,
1039,120,true,0,14,,
1040,120,true,0,14,,
1041,120,true,0,14,,
1042,120,true,0,14,,
1043,120,true,0,14,,
1044,120,true,0,14,,
1045,120,true,0,14,,
1046,120,true,0,14,,
1047,120,true,0,14,,
1048,120,true,0,14,,
1049,120,true,0,14,,
1050,120,true,0,14,,
1051,120,true,0,14,,
1052,120,true,0,14,,
1053,120,true,0,14,,
1054,120,true,0,14,,
1055,120,true,0,14,,
1056,120,true,0,14,,
1057,120,true,0,14,,
1058,120,true,0,14,,
1059,120,true,0,14,,
1060,120,true,0,14,,
1061,120,true,0,14,,
1062,120,true,0,14,,
1063,120,true,0,14,,
1064,120,false,0,14,,
1065,120,false,0,14,,
1066,120,false,0,14,,
1067,120,false,0,14,,
1068,120,false,0,14,,
1069,120,false,0,14,,
1070,120,false,0,14,,
1071,120,false,0,14,,
1072,120,false,0,14,,
1073,120,false,0,14,,
1074,120,false,0,14,,
1075,120,false,0,14,,
1076,120,false,0,14,,
1077,120,false,0,14,,
1078,120,false,0,14,,
1079,120,false,0,14,,
1080,120,false,0,14,,
1081,120,false,0,14,,
1082,120,false,0,14,,
1083,120,false,0,14,,
1084,120,false,0,14,,
1085,120,false,0,14,,
1086,120,false,0,14,,
1087,120,false,0,14,,
1088,120,false,0,14,,
1089,120,false,0,14,,
1090,120,false,0,14,,
1091,120,false,0,14,,
1092,120,false,0,14,,
1093,120,false,0,14,,
1094,120,false,0,14,,
1095,120,false,0,14,,
1096,120,false,0,14,,
1097,120,false,0,14,,
1098,120,false,0,14,,
1099,120,false,0,14,,
1100,120,false,0,14,,
1101,120,false,0,14,,
1102,120,false,0,14,,
1103,120,false,0,14,,
1104,120,false,0,14,,
1105,120,false,0,14,,
1106,120,false,0,14,,
1107,120,false,0,14,,
1108,120,false,0,14,,
1109,120,false,0,14,,
1110,120,false,0,14,,
1111,120,false,0,14,,
1112,120,false,0,14,,
1113,120,false,0,14,,
1114,120,false,0,14,,
1115,120,false,0,14,,
1116,120,false,0,14,,
1117,120,false,0,14,,
1118,120,false,0,14,,
1119,120,false,0,14,,
1120,120,false,0,14,,
1121,120,false,0,14,,
1122,120,false,0,14,,
1123,120,false,0,14,,
1124,120,false,0,14,,
1125,120,false,0,14,,
1126,120,false,0,14,,
1127,120,false,0,14,,
1128,120,false,0,14,,
1129,120,false,0,14,,
1130,120,false,0,14,,
1131,120,false,0,14,,
1132,120,false,0,14,,
1133,120,false,0,14,,
1134,120,false,0,14,,
1135,120,false,0,14,,
1136,120,false,0,14,,
1137,120,false,0,14,,
1138,120,false,0,14,18,
1139,120,false,0,14,,
1140,120,false,0,14,,
1141,120,false,0,14,,
1142,120,false,0,14,,
1143,120,false,0,14,,
1144,120,false,0,14,,
1145,120,false,0,14,,
1146,120,false,0,14,,
1147,120,false,0,14,,
1148,120,false,0,14,,
1149,120,false,0,14,,
1150,120,false,0,14,,
1151,120,false,0,14,,
1152,120,false,0,14,,
1153,120,true,0,14,,
1154,120,false,0,14,,
1155,120,false,0,14,,
1156,120,true,0,14,,
1157,120,true,0,14,,
1158,120,true,0,14,,
1159,120,true,0,14,,
1160,120,true,0,14,,
1161,120,true,0,14,,
1162,120,true,0,14,,
1163,120,true,0,14,,
1164,120,true,0,14,,
1165,120,true,0,14,,
1166,120,true,0,14,,
1167,120,true,0,14,,
1168,120,true,0,14,,
1169,120,true,0,14,,
1170,120,true,0,14,,
1171,120,true,0,14,,
1172,120,true,0,14,,
1173,120,true,0,14,,
1174,120,true,0,14,,
1175,120,true,0,14,,
1176,120,true,0,14,,
1177,120,true,0,14,,
1178,120,true,0,14,,
1179,120,true,0,14,,
1180,120,true,0,14,,
1181,120,true,0,14,,
1182,120,true,0,14,,
1183,120,false,0,14,,
1184,120,true,0,14,,
1185,120,true,0,14,,
1186,120,true,0,14,,
1187,120,true,0,14,,
1188,120,false,0,14,,
1189,120,false,0,14,,
1190,120,false,0,14,,
1191,120,false,0,14,,
1192,120,false,0,14,,
1193,120,false,0,14,,
1194,120,false,0,14,,
1195,120,true,0,14,,
1196,120,false,0,14,,
1197,120,false,0,14,,
1198,120,false,0,14,,
1199,120,false,0,14,,
1200,120,false,0,14,,
1201,120,true,0,14,,
1202,120,false,0,14,,
1203,120,false,0,14,,
1204,120,false,0,14,,
1205,120,false,0,14,,
1206,120,false,0,14,,
1207,120,true,0,14,,
1208,120,true,0,14,,
1209,120,false,0,14,,
1210,120,false,0,14,,
1211,120,false,0,14,,
1212,120,false,0,14,,
1213,120,true,0,14,,
1214,120,false,0,14,,
1215,120,false,0,14,,
1216,120,false,0,14,,
1217,120,true,0,14,,
1218,120,true,0,14,,
1219,120,true,0,14,,
1220,120,true,0,14,,
1221,120,true,0,14,,
1222,120,true,0,14,,
1223,120,true,0,14,,
1224,120,true,0,14,,
1225,120,true,0,14,,
1226,120,true,0,14,,
1227,120,true,0,14,,
1228,120,true,0,14,,
1229,120,true,0,14,,
1230,120,true,0,14,,
1231,120,true,0,14,,
1232,120,true,0,14,,
1233,120,true,0,14,,
1234,120,true,0,14,,
1235,120,true,0,14,,
1236,120,true,0,14,,
1237,120,true,0,14,,
1238,120,true,0,14,,
1239,120,true,0,14,,
1240,120,true,0,14,,
1241,120,true,0,14,,
1242,120,true,0,14,,
1243,120,true,0,14,,
1244,120,true,0,14,,
1245,120,true,0,14,,
1246,120,true,0,14,,
1247,120,true,0,14,,
1248,120,true,0,14,,
1249,120,true,0,14,,
1250,120,true,0,14,,
1251,120,true,0,14,,
1252,120,true,0,14,,
1253,120,true,0,14,,
1254,120,true,0,14,,
1255,120,true,0,14,,
1256,120,true,0,14,,
1257,120,true,0,14,,
1258,120,true,0,14,,
1259,120,true,0,14,,
1260,120,true,0,14,,
1261,120,true,0,14,,
1262,120,true,0,14,,
1263,120,true,0,14,,
1264,120,true,0,14,,
1265,120,true,0,14,,
1266,120,true,0,14,,
1267,120,true,0,14,,
1268,120,true,0,14,,
1269,120,true,0,14,,
1270,120,true,0,14,,
1271,120,true,0,14,,
1272,120,true,0,14,,
1273,120,true,0,14,,
1274,120,true,0,14,,
1275,120,false,0,14,,
1276,120,false,0,14,,
1277,120,false,0,14,,
1278,120,true,0,14,,
1279,120,false,0,14,,
1280,120,false,0,14,,
1281,120,false,0,14,,
1282,120,false,0,14,,
1283,120,false,0,14,,
1284,120,false,0,14,,
1285,120,false,0,14,,
1286,120,true,0,14,,
1287,120,true,0,14,,
1288,120,true,0,14,,
1289,120,true,0,14,,
1290,120,false,0,14,,
1291,120,true,0,14,,
1292,120,false,0,14,,
1293,120,true,0,14,,
1294,120,false,0,14,,
1295,120,true,0,14,,
1296,120,true,0,14,,
1297,120,true,0,14,,
1298,120,true,0,14,,
1299,120,true,0,14,,
1300,120,true,0,14,,
1301,120,true,0,14,,
1302,120,true,0,14,,
1303,120,true,0,14,,
1304,120,true,0,14,,
1305,120,true,0,14,,
1306,120,true,0,14,,
1307,120,true,0,14,,
1308,120,true,0,14,,
1309,120,true,0,14,,
1310,120,true,0,14,,
1311,120,true,0,14,,
1312,120,true,0,14,,
1313,120,true,0,14,,
1314,120,true,0,14,,
1315,120,true,0,14,,
1316,120,true,0,14,,
1317,120,true,0,14,,
1318,120,true,0,14,,
1319,120,true,0,14,,
1320,120,true,0,14,,
1321,120,true,0,14,,
1322,120,true,0,14,,
1323,120,true,0,14,,
1324,120,true,0,14,,
1325,120,true,0,14,,
1326,120,true,0,14,,
1327,120,true,0,14,,
1328,120,true,0,14,,
1329,120,true,0,14,,
1330,120,false,0,14,,
1331,120,false,0,14,,
1332,120,false,0,14,,
1333,120,false,0,14,,
1334,120,false,0,14,,
1335,120,false,0,14,,
1336,120,false,0,14,,
1337,120,false,0,14,,
1338,120,false,0,14,,
1339,120,false,0,14,,
1340,120,false,0,14,,
1341,120,false,0,14,,
1342,120,false,0,14,,
1343,120,false,0,14,,
1344,120,false,0,14,,
1345,120,false,0,14,,
1346,120,false,0,14,,
1347,120,false,0,14,,
1348,120,false,0,14,,
1349,120,false,0,14,,
1350,120,false,0,14,,
1351,120,false,0,14,,
1352,120,false,0,14,,
1353,120,false,0,14,,
1354,120,false,0,14,,
1355,120,false,0,14,,
1356,120,true,0,14,,
1357,120,false,0,14,,
1358,120,false,0,14,,
1359,120,false,0,14,,
1360,120,false,0,14,,
1361,120,false,0,14,,
1362,120,false,0,14,,
1363,120,false,0,14,,
1364,120,false,0,14,,
1365,120,false,0,14,,
1366,120,false,0,14,,
1367,120,false,0,14,,
1368,120,false,0,14,,
1369,120,false,0,14,,
1370,120,false,0,14,,
1371,120,false,0,14,,
1372,120,false,0,14,,
1373,120,false,0,14,,
1374,120,false,0,14,,
1375,120,false,0,14,,
1376,120,false,0,14,,
1377,120,false,0,14,,
1378,120,false,0,14,,
1379,120,false,0,14,,
1380,120,false,0,14,,
1381,120,true,0,14,,
1382,120,true,0,14,,
1383,120,false,0,14,,
1384,120,true,0,14,,
1385,120,true,0,14,,
1386,120,false,0,14,,
1387,120,false,0,14,,
1388,120,false,0,14,,
1389,120,false,0,14,,
1390,120,false,0,14,,
1391,120,false,0,14,,
1392,120,false,0,14,,
1393,120,false,0,14,,
1394,120,false,0,14,,
1395,120,false,0,14,,
1396,120,false,0,14,,
1397,120,false,0,14,,
1398,120,false,0,14,,
1399,120,false,0,14,,
1400,120,false,0,14,,
1401,120,false,0,14,,
1402,120,false,0,14,,
1403,120,false,0,14,,
1404,120,false,0,14,,
1405,120,false,0,14,,
1406,120,false,0,14,,
1407,120,false,0,14,,
1408,120,false,0,14,,
1409,120,false,0,14,,
1410,120,false,0,14,,
1411,120,false,0,14,,
1412,120,false,0,14,,
1413,120,false,0,14,,
1414,120,true,0,14,,
1415,120,false,0,14,,
1416,120,true,0,14,,
1417,120,true,0,14,,
1418,120,false,0,14,,
1419,120,false,0,14,,
1420,120,false,0,14,,
1421,120,false,0,14,,
1422,120,false,0,14,,
1423,120,true,0,14,,
1424,120,true,0,14,,
1425,120,false,0,14,,
1426,120,false,0,14,,
1427,120,false,0,14,,
1428,120,false,0,14,,
1429,120,false,0,14,,
1430,120,false,0,14,,
1431,120,false,0,14,,
1432,120,false,0,14,,
1433,120,false,0,14,,
1434,120,false,0,14,,
1435,120,false,0,14,,
1436,120,false,0,14,,
1437,120,false,0,14,,
1438,120,false,0,14,,
1439,120,false,0,14,,
1440,120,false,0,14,,
1441,120,false,0,14,,
1442,120,false,0,14,,
1443,120,false,0,14,,
1444,120,false,0,14,,
1445,120,true,0,14,,
1446,120,false,0,14,,
1447,120,true,0,14,,
1448,120,true,0,14,,
1449,120,false,0,14,,
1450,120,true,0,14,,
1451,120,false,0,14,,
1452,120,false,0,14,,
1453,120,false,0,14,,
1454,120,false,0,14,,
1455,120,false,0,14,,
1456,120,false,0,14,,
1457,120,false,0,14,,
1458,120,false,0,14,,
1459,120,false,0,14,,
1460,120,false,0,14,,
1461,120,false,0,14,,
1462,120,false,0,14,,
1463,120,false,0,14,,
1464,120,false,0,14,,
1465,120,false,0,14,,
1466,120,false,0,14,,
1467,120,false,0,14,,
1468,120,false,0,14,,
1469,120,false,0,14,,
1470,120,false,0,14,,
1471,120,false,0,14,,
1472,120,false,0,14,,
1473,120,false,0,14,,
1474,120,false,0,14,,
1475,120,false,0,14,,
1476,120,false,0,14,,
1477,120,false,0,14,,
1478,120,false,0,14,,
1479,120,false,0,14,,
1480,120,false,0,14,,
1481,120,false,0,14,,
1482,120,false,0,14,,
1483,120,false,0,14,,
1484,120,false,0,14,,
1485,120,false,0,14,,
1486,120,false,0,14,,
1487,120,false,0,14,,
1488,120,false,0,14,,
1489,120,false,0,14,,
1490,120,true,0,14,,
1491,120,true,0,14,,
1492,120,true,0,14,,
1493,120,true,0,14,,
1494,120,false,0,14,,
1495,120,false,0,14,,
1496,120,true,0,14,,
1497,120,true,0,14,,
1498,120,true,0,14,,
1499,120,true,0,14,,
1500,120,true,0,14,,
1501,120,true,0,14,,
1502,120,false,0,14,,
1503,120,false,0,14,,
1504,120,true,0,14,,
1505,120,false,0,14,,
1506,120,false,0,14,,
1507,120,false,0,14,,
1508,120,false,0,14,,
1509,120,false,0,14,,
1510,120,false,0,14,,
1511,120,false,0,14,,
1512,120,false,0,14,,
1513,120,true,0,14,,
1514,120,true,0,14,,
1515,120,false,0,14,,
1516,120,false,0,14,,
1517,120,false,0,14,,
1518,120,false,0,14,,
1519,120,false,0,14,,
1520,120,false,0,14,,
1521,120,false,0,14,,
1522,120,false,0,14,,
1523,120,false,0,14,,
1524,120,false,0,14,,
1525,120,false,0,14,,
1526,120,false,0,14,,
1527,120,false,0,14,,
1528,120,false,0,14,,
1529,120,false,0,14,,
1530,120,true,0,14,,
1531,120,true,0,14,,
1532,120,true,0,14,,1
1533,120,true,0,14,,1
1534,120,false,0,14,,
1535,120,false,0,14,,
1536,120,false,0,14,,
1537,120,false,0,14,,
1538,120,false,0,14,,
1539,120,true,0,14,,
1540,120,true,0,14,,
1541,120,false,0,14,,
1542,120,false,0,14,,
1543,120,false,0,14,,
1544,120,false,0,14,,
1545,120,false,0,14,,
1546,120,false,0,14,,
1547,120,false,0,14,,
1548,120,false,0,14,,
1549,120,false,0,14,,
1550,120,false,0,14,,
1551,120,false,0,14,,
1552,120,false,0,14,,
1553,120,false,0,14,,
1554,120,false,0,14,,
1555,120,false,0,14,,
1556,120,false,0,14,,
1557,120,false,0,14,,
1558,120,false,0,14,,
1559,120,false,0,14,,
1560,120,false,0,14,,
1561,120,true,0,14,,
1562,120,true,0,14,,
1563,120,true,0,14,,
1564,120,true,0,14,,
1565,120,true,0,14,,
1566,120,false,0,14,,
1567,120,false,0,14,,
1568,120,false,0,14,,
1569,120,false,0,14,,
1570,120,false,0,14,,
1571,120,true,0,14,,
1572,120,true,0,14,,
1573,120,true,0,14,,
1574,120,true,0,14,,
1575,120,true,0,14,,
1576,120,true,0,14,,
1577,120,true,0,14,,
1578,120,true,0,14,,
1579,120,true,0,14,,
1580,120,true,0,14,,
1581,120,true,0,14,,
1582,120,true,0,14,,
1583,120,true,0,14,,
1584,120,true,0,14,,
1585,120,true,0,14,,
1586,120,true,0,14,,
1587,120,true,0,14,,
1588,120,true,0,14,,
1589,120,true,0,14,,
1590,120,true,0,14,,
1591,120,true,0,14,,
1592,120,true,0,14,,
1593,120,true,0,14,,
1594,120,true,0,14,,
1595,120,true,0,14,,
1596,120,true,0,14,,
1597,120,true,0,14,,
1598,120,true,0,14,,
1599,120,true,0,14,,
1600,120,true,0,14,,
1601,120,true,0,14,,
1602,120,true,0,14,,
1603,120,true,0,14,,
1604,120,true,0,14,,
1605,120,true,0,14,,
1606,120,true,0,14,,
1607,120,true,0,14,,
1608,120,true,0,14,,
1609,120,true,0,14,,
1610,120,false,0,14,,
1611,120,false,0,14,,
1612,120,false,0,14,,
1613,120,false,0,14,,
1614,120,false,0,14,,
1615,120,false,0,14,,
1616,120,false,0,14,,
1617,120,false,0,14,,
1618,120,false,0,14,,
1619,120,false,0,14,,
1620,120,false,0,14,,
1621,120,false,0,14,,
1622,120,false,0,14,,
1623,120,false,0,14,,
1624,120,false,0,14,,
1625,120,false,0,14,,
1626,120,false,0,14,,
1627,120,false,0,14,,
1628,120,false,0,14,,
1629,120,false,0,14,,
1630,120,false,0,14,,
1631,120,false,0,14,,
1632,120,false,0,14,,
1633,120,false,-60,14,,
1634,120,false,0,14,,
1635,120,false,0,14,,
1636,120,false,0,14,,
1637,120,true,0,14,,
1638,120,false,0,14,,
1639,120,true,0,14,,
1640,120,false,0,14,,
1641,120,false,0,14,,
1642,120,true,0,14,,
1643,120,false,0,14,,
1644,120,false,0,14,,
1645,120,false,0,14,,
1646,120,true,0,14,,
1647,120,true,0,14,,
1648,120,true,0,14,,
1649,120,false,0,14,,
1650,120,false,0,14,,
1651,120,false,0,14,,
1652,120,false,0,14,,
1653,120,false,0,14,,
1654,120,false,0,14,,
1655,120,false,0,14,,
1656,120,false,0,14,,
1657,120,false,0,14,,
1658,120,false,0,14,,
1659,120,false,0,14,,
1660,120,false,0,14,,
1661,120,false,0,14,,
1662,120,false,0,14,,
1663,120,false,0,14,,
1664,120,true,0,14,,
1665,120,true,0,14,,
1666,120,true,0,14,,
1667,120,true,0,14,,
1668,120,true,0,14,,
1669,120,true,0,14,,
1670,120,true,0,14,,
1671,120,true,0,14,,
1672,120,true,0,14,,
1673,120,true,0,14,,
1674,120,true,0,14,,
1675,120,true,0,14,,
1676,120,true,0,14,,
1677,120,true,0,14,,
1678,120,true,0,14,,
1679,120,true,0,14,,
1680,120,true,0,14,,
1681,120,true,0,14,,
1682,120,true,0,14,,
1683,120,true,0,14,,
1684,120,true,0,14,,
1685,120,true,0,14,,
1686,120,true,0,14,,
1687,120,true,0,14,,
1688,120,true,0,14,,
1689,120,true,0,14,,
1690,120,true,0,14,,
1691,120,true,0,14,,
1692,120,true,0,14,,
1693,120,true,0,14,,
1694,120,true,0,14,,
1695,120,true,0,14,,
1696,120,true,0,14,,
1697,120,true,0,14,,
1698,120,true,0,14,,
1699,120,true,0,14,,
1700,120,true,0,14,,
1701,120,true,0,14,,
1702,120,true,0,14,,
1703,120,true,0,14,,
1704,120,true,0,14,,
1705,120,true,0,14,,
1706,120,true,0,14,,
1707,120,true,0,14,,
1708,120,false,0,14,,
1709,120,false,0,14,,
1710,120,false,0,14,,
1711,120,false,0,14,,
1712,120,false,0,14,,
1713,120,false,0,14,,
1714,120,false,0,14,,
1715,120,false,0,14,,
1716,120,false,0,14,,
1717,120,false,0,14,,
1718,120,false,0,14,,
1719,120,false,0,14,,
1720,120,false,0,14,,
1721,120,false,0,14,,
1722,120,false,0,14,,
1723,120,false,0,14,,
1724,120,false,0,14,,
1725,120,false,0,14,,
1726,120,false,0,14,,
1727,120,false,0,14,,
1728,120,false,0,14,,
1729,120,false,0,14,,
1730,120,false,0,14,,
1731,120,false,0,14,,
1732,120,false,0,14,,
1733,120,false,0,14,,
1734,120,false,0,14,,
1735,120,false,0,14,,
1736,120,false,0,14,,
1737,120,false,0,14,,
1738,120,false,0,14,,
1739,120,false,0,14,,
1740,120,false,0,14,,
1741,120,false,0,14,,
1742,120,false,0,14,,
1743,120,false,0,14,,
1744,120,false,0,14,,
1745,120,false,0,14,,
1746,120,false,0,14,,
1747,120,false,0,14,,
1748,120,false,0,14,,
1749,120,true,0,14,,
1750,120,true,0,14,,
1751,120,true,0,14,,
1752,120,true,0,14,,
1753,120,true,0,14,,
1754,120,true,0,14,,
1755,120,true,0,14,,
1756,120,true,0,14,,
1757,120,true,0,14,,
1758,120,true,0,14,,
1759,120,true,0,14,,
1760,120,true,0,14,,
1761,120,true,0,14,,
1762,120,true,0,14,,
1763,120,true,0,14,,
1764,120,true,0,14,,
1765,120,true,0,14,,
1766,120,true,0,14,,
1767,120,true,0,14,,
1768,120,false,0,14,220,
1769,120,false,0,14,220,
1770,120,false,0,14,,
1771,120,false,0,14,,
1772,120,false,0,14,,
1773,120,false,0,14,,
1774,120,false,0,14,,
1775,120,false,0,14,,
1776,120,false,0,14,,
1777,120,false,0,14,,
1778,120,false,0,14,17,
1779,120,false,0,14,,
1780,120,false,0,14,17,
1781,120,false,0,14,,
1782,120,false,0,14,,
1783,120,false,0,14,,
1784,120,false,0,14,,
1785,120,false,0,14,,
1786,120,false,0,14,,
1787,120,false,0,14,20,
1788,120,true,0,14,,
1789,120,false,0,14,,
1790,120,false,0,14,,
1791,120,true,0,14,,
1792,120,false,0,14,,
1793,120,false,0,14,,
1794,120,false,0,14,,
1795,120,false,0,14,,
1796,120,false,0,14,,
1797,120,true,0,14,,
1798,120,true,0,14,,
1799,120,true,0,14,,
1800,120,false,0,14,,
1801,120,false,0,14,,
1802,120,false,0,14,,
1803,120,false,0,14,,
1804,120,false,0,14,,
1805,120,false,0,14,,
1806,120,false,0,14,,
1807,120,false,0,14,,
1808,120,false,0,14,,
1809,120,false,0,14,,
1810,120,true,0,14,,
1811,120,false,0,14,,
1812,120,true,0,14,,
1813,120,true,0,14,,
1814,120,true,0,14,,
1815,120,true,0,14,,
1816,120,true,0,14,,
1817,120,true,0,14,,
1818,120,true,0,14,,
1819,120,false,0,14,,
1820,120,false,0,14,,
1821,120,false,0,14,,
1822,120,false,0,14,,
1823,120,false,0,14,,
1824,120,false,0,14,,
1825,120,false,0,14,,
1826,120,false,-60,14,,
1827,120,false,0,14,,
1828,120,false,0,14,,
1829,120,false,0,14,,
1830,120,false,0,14,,
1831,120,false,0,14,,
1832,120,false,0,14,,
1833,120,false,0,14,,
1834,120,false,0,14,,
1835,120,true,0,14,,
1836,120,true,0,14,,
1837,120,false,0,14,,
1838,120,true,0,14,,
1839,120,false,0,14,,
1840,120,false,0,14,,
1841,120,false,0,14,,
1842,120,false,0,14,,
1843,120,false,0,14,,
1844,120,false,0,14,,
1845,120,false,0,14,,
1846,120,false,0,14,,
1847,120,false,0,14,,
1848,120,false,0,14,,
1849,120,false,0,14,,
1850,120,false,0,14,,
1851,120,false,0,14,,
1852,120,false,0,14,,
1853,120,false,0,14,,
1854,120,false,0,14,,
1855,120,false,0,14,,
1856,120,false,0,14,,
1857,120,false,0,14,,
1858,120,false,0,14,,
1859,120,false,0,14,,
1860,120,false,0,14,,1
1861,120,false,0,14,,
1862,120,false,0,14,,
1863,120,true,0,14,,
1864,120,false,0,14,,
1865,120,false,0,14,,
1866,120,false,0,14,,
1867,120,false,0,14,,
1868,120,false,0,14,,
1869,120,false,0,14,,
1870,120,false,0,14,,
1871,120,false,0,14,,
1872,120,false,0,14,,
1873,120,false,0,14,,
1874,120,false,0,14,,
1875,120,false,0,14,,
1876,120,false,0,14,,
1877,120,false,0,14,,
1878,120,false,0,14,,
1879,120,false,0,14,,
1880,120,false,0,14,,
1881,120,false,0,14,,
1882,120,false,0,14,,
1883,120,false,0,14,,
1884,120,false,0,14,,
1885,120,false,0,14,,
1886,120,false,0,14,,
1887,120,false,0,14,,
1888,120,false,0,14,,
1889,120,false,0,14,,
1890,120,false,0,14,,
1891,120,false,0,14,,
1892,120,false,0,14,,
1893,120,false,0,14,,
1894,120,false,0,14,,
1895,120,false,0,14,,
1896,120,false,0,14,,
1897,120,false,0,14,,
1898,120,false,0,14,,
1899,120,false,0,14,,
1900,120,false,0,14,,
1901,120,false,0,14,,
1902,120,false,0,14,,
1903,120,false,0,14,,
1904,120,false,0,14,,
1905,120,true,0,14,,
1906,120,false,0,14,,
1907,120,false,0,14,,
1908,120,false,0,14,,
1909,120,false,0,14,,
1910,120,false,0,14,,
1911,120,false,0,14,,
1912,120,false,0,14,,
1913,120,false,0,14,,
1914,120,false,0,14,,
1915,120,true,0,14,,
1916,120,false,0,14,,
1917,120,false,0,14,,
1918,120,false,0,14,,
1919,120,false,0,14,,
1920,120,false,0,14,,
1921,120,false,0,14,,
1922,120,false,0,14,,
1923,120,false,0,14,,
1924,120,false,0,14,,
1925,120,false,0,14,,
1926,120,false,0,14,,
1927,120,false,0,14,,
1928,120,false,0,14,,
1929,120,false,0,14,,
1930,120,false,0,14,,
1931,120,false,0,14,,
1932,120,false,0,14,,
1933,120,false,0,14,,
1934,120,false,0,14,,
1935,120,false,0,14,,
1936,120,false,0,14,,
1937,120,false,0,14,,
1938,120,false,0,14,,
1939,120,false,0,14,,
1940,120,false,0,14,,
1941,120,false,0,14,,
1942,120,false,0,14,,
1943,120,false,0,14,,
1944,120,false,0,14,,
1945,120,false,0,14,,
1946,120,false,0,14,,
1947,120,false,0,14,,
1948,120,false,0,14,,
1949,120,false,0,14,,
1950,120,false,0,14,,
1951,120,false,0,14,,
1952,120,false,0,14,,
1953,120,false,0,14,,
1954,120,false,0,14,,
1955,120,false,0,14,,
1956,120,false,0,14,,
1957,120,false,0,14,,
1958,120,false,0,14,,
1959,120,false,0,14,,
1960,120,false,0,14,,
1961,120,false,0,14,,
1962,120,false,0,14,,
1963,120,false,0,14,,
1964,120,false,0,14,,
1965,120,false,0,14,,
1966,120,false,0,14,,
1967,120,false,0,14,,
1968,120,true,0,14,,
1969,120,true,0,14,,
1970,120,false,0,14,,
1971,120,true,0,14,,
1972,120,false,0,14,,
1973,120,false,0,14,,
1974,120,true,0,14,,
1975,120,false,0,14,,
1976,120,false,0,14,,
1977,120,false,0,14,,
1978,120,false,0,14,,
1979,120,false,0,14,,
1980,120,false,0,14,,
1981,120,false,0,14,,
1982,120,false,0,14,,
1983,120,false,0,14,,
1984,120,false,0,14,,
1985,120,false,0,14,,
1986,120,true,0,14,,
1987,120,false,0,14,,
1988,120,true,0,14,,
1989,120,true,0,14,,
1990,120,true,0,14,,
1991,120,true,0,14,,
1992,120,true,0,14,,
1993,120,true,0,14,,
1994,120,true,0,14,,
1995,120,true,0,14,,
1996,120,true,0,14,,
1997,120,true,0,14,,
1998,120,true,0,14,,
1999,120,true,0,14,,
2000,120,true,0,14,,
2001,120,true,0,14,,
2002,120,true,0,14,,
2003,120,true,0,14,,
2004,120,true,0,14,,
2005,120,true,0,14,,
2006,120,true,0,14,,
2007,120,true,0,14,,
2008,120,true,0,14,,
2009,120,true,0,14,,
2010,120,true,0,14,,
2011,120,true,0,14,,
2012,120,true,0,14,,
2013,120,true,0,14,,
2014,120,true,0,14,,
2015,120,true,0,14,,
2016,120,true,0,14,,
2017,120,true,0,14,,
2018,120,true,0,14,,
2019,120,true,0,14,,
2020,120,true,0,14,,
2021,120,true,0,14,,
2022,120,true,0,14,,
2023,120,true,0,14,,
2024,120,true,0,14,,
2025,120,true,0,14,,
2026,120,false,0,14,,
2027,120,true,0,14,,
2028,120,true,0,14,,
2029,120,true,0,14,,
2030,120,true,0,14,,
2031,120,true,0,14,,
2032,120,true,0,14,,
2033,120,true,0,14,,
2034,120,true,0,14,,
2035,120,true,0,14,,
2036,120,true,0,14,,
2037,120,true,0,14,,
2038,120,true,0,14,,
2039,120,true,0,14,,
2040,120,true,0,14,,
2041,120,true,0,14,,
2042,120,false,0,14,,
2043,120,true,0,14,,
2044,120,true,0,14,,
2045,120,true,0,14,,
2046,120,false,0,14,,
2047,120,false,0,14,,
2048,120,false,0,14,,
2049,120,false,0,14,,
2050,120,true,0,14,,
2051,120,true,0,14,,
2052,120,true,0,14,,
2053,120,true,0,14,,
2054,120,true,0,14,,
2055,120,true,0,14,,
2056,120,true,0,14,,
2057,120,true,0,14,,
2058,120,true,0,14,,
2059,120,true,0,14,,
2060,120,true,0,14,,
2061,120,true,0,14,,
2062,120,true,0,14,,
2063,120,true,0,14,,
2064,120,true,0,14,,
2065,120,true,0,14,,
2066,120,true,0,14,,
2067,120,true,0,14,,
2068,120,true,0,14,,
2069,120,true,0,14,,
2070,120,true,0,14,,
2071,120,true,0,14,,
2072,120,true,0,14,,
2073,120,false,0,14,,
2074,120,true,0,14,,
2075,120,true,0,14,,
2076,120,true,0,14,,
2077,120,true,0,14,,
2078,120,true,0,14,,
2079,120,true,0,14,,
2080,120,true,0,14,,
2081,120,false,0,14,,
2082,120,true,0,14,,
2083,120,true,0,14,,
2084,120,false,0,14,,
2085,120,false,0,14,,
2086,120,false,0,14,,
2087,120,true,0,14,,
2088,120,false,0,14,,
2089,120,true,0,14,,
2090,120,false,0,14,,
2091,120,true,0,14,,
2092,120,false,0,14,,
2093,120,false,0,14,,
2094,120,false,0,14,,
2095,120,false,0,14,,
2096,120,false,0,14,,
2097,120,false,0,14,,
2098,120,false,0,14,,
2099,120,false,0,14,,
2100,120,false,0,14,,
2101,120,true,0,14,,
2102,120,true,0,14,,
